<?xml version="1.0" encoding="UTF-8"?>
<project-private xmlns="http://www.netbeans.org/ns/project-private/1">
    <editor-bookmarks xmlns="http://www.netbeans.org/ns/editor-bookmarks/2" lastBookmarkId="0"/>
    <open-files xmlns="http://www.netbeans.org/ns/projectui-open-files/2">
        <group>
            <file>file:/C:/Users/eliss/OneDrive/Documentos/NetBeansProjects/Proyecto4_Hilos_V2/src/Arreglo.java</file>
            <file>file:/C:/Users/eliss/OneDrive/Documentos/NetBeansProjects/Proyecto4_Hilos_V2/src/Lectura.java</file>
            <file>file:/C:/Users/eliss/OneDrive/Documentos/NetBeansProjects/Proyecto4_Hilos_V2/src/MainArreglos.java</file>
            <file>file:/C:/Users/eliss/OneDrive/Documentos/NetBeansProjects/Proyecto4_Hilos_V2/src/SumaC.java</file>
        </group>
    </open-files>
</project-private>
